{
    "DataType": "MoneyData",
    "DataVersion": 0,
    "GameVersion": "0.3.3f15",
    "OnlineBalance": 841.599609375,
    "Networth": 33623.96875,
    "LifetimeEarnings": 31940.19921875,
    "WeeklyDepositSum": 7942.0
}