{
    "Gender": 0,
    "Weight": 0.27419355511665347,
    "SkinColor": {
        "r": 0.5199999809265137,
        "g": 0.41999998688697817,
        "b": 0.33000001311302187,
        "a": 1.0
    },
    "HairStyle": "Avatar/Hair/Spiky/Spiky",
    "HairColor": {
        "r": 0.07000000029802323,
        "g": 0.07000000029802323,
        "b": 0.07000000029802323,
        "a": 1.0
    },
    "Mouth": "Avatar/Layers/Face/Face_SmugPout",
    "FacialHair": "Avatar/Layers/Face/FacialHair_Stubble",
    "FacialDetails": "",
    "FacialDetailsIntensity": 0.5459677577018738,
    "EyeballColor": {
        "r": 1.0,
        "g": 0.6499999761581421,
        "b": 0.6499999761581421,
        "a": 1.0
    },
    "UpperEyeLidRestingPosition": 0.19274193048477174,
    "LowerEyeLidRestingPosition": 0.2895161211490631,
    "PupilDilation": 1.0,
    "EyebrowScale": 1.279677391052246,
    "EyebrowThickness": 1.251612901687622,
    "EyebrowRestingHeight": 0.6338709592819214,
    "EyebrowRestingAngle": -4.354838848114014,
    "Top": "Avatar/Layers/Top/T-Shirt",
    "TopColor": {
        "r": 0.15000000596046449,
        "g": 0.15000000596046449,
        "b": 0.15000000596046449,
        "a": 1.0
    },
    "Bottom": "Avatar/Layers/Bottom/CargoPants",
    "BottomColor": {
        "r": 0.15000000596046449,
        "g": 0.15000000596046449,
        "b": 0.15000000596046449,
        "a": 1.0
    },
    "Shoes": "Avatar/Accessories/Feet/Sneakers/Sneakers",
    "ShoesColor": {
        "r": 0.8899999856948853,
        "g": 0.25,
        "b": 0.8600000143051148,
        "a": 1.0
    },
    "Headwear": "",
    "HeadwearColor": {
        "r": 1.0,
        "g": 1.0,
        "b": 1.0,
        "a": 1.0
    },
    "Eyewear": "",
    "EyewearColor": {
        "r": 0.0,
        "g": 0.0,
        "b": 0.0,
        "a": 0.0
    },
    "Tattoos": [
        "Avatar/Layers/Tattoos/Face/Face_Teardrop",
        ""
    ]
}