{
    "Gender": 0,
    "Weight": 0.0,
    "SkinColor": {
        "r": 0.2199999988079071,
        "g": 0.1899999976158142,
        "b": 0.1599999964237213,
        "a": 1.0
    },
    "HairStyle": "Avatar/Hair/Afro/Afro",
    "HairColor": {
        "r": 0.11999999731779099,
        "g": 0.07000000029802323,
        "b": 0.03999999910593033,
        "a": 1.0
    },
    "Mouth": "Avatar/Layers/Face/Face_Neutral",
    "FacialHair": "Avatar/Layers/Face/FacialHair_Goatee",
    "FacialDetails": "",
    "FacialDetailsIntensity": 0.5,
    "EyeballColor": {
        "r": 1.0,
        "g": 1.0,
        "b": 1.0,
        "a": 1.0
    },
    "UpperEyeLidRestingPosition": 0.31854838132858279,
    "LowerEyeLidRestingPosition": 0.16129031777381898,
    "PupilDilation": 1.0,
    "EyebrowScale": 1.514112949371338,
    "EyebrowThickness": 1.7596774101257325,
    "EyebrowRestingHeight": -0.39193546772003176,
    "EyebrowRestingAngle": -1.838709831237793,
    "Top": "Avatar/Layers/Top/T-Shirt",
    "TopColor": {
        "r": 0.17000000178813935,
        "g": 0.20999999344348908,
        "b": 0.4000000059604645,
        "a": 1.0
    },
    "Bottom": "Avatar/Layers/Bottom/Jeans",
    "BottomColor": {
        "r": 0.23000000417232514,
        "g": 0.23000000417232514,
        "b": 0.23000000417232514,
        "a": 1.0
    },
    "Shoes": "Avatar/Accessories/Feet/Sneakers/Sneakers",
    "ShoesColor": {
        "r": 0.47999998927116396,
        "g": 0.33000001311302187,
        "b": 0.2199999988079071,
        "a": 1.0
    },
    "Headwear": "",
    "HeadwearColor": {
        "r": 1.0,
        "g": 1.0,
        "b": 1.0,
        "a": 1.0
    },
    "Eyewear": "",
    "EyewearColor": {
        "r": 0.0,
        "g": 0.0,
        "b": 0.0,
        "a": 0.0
    },
    "Tattoos": []
}